variant,target,min_samples_leaf,max_features,val_MAE,secs
text,raw,1,sqrt,3.9906577054898467,62
text,raw,1,0.05,3.960736279373762,142
text,raw,3,sqrt,4.203515525094128,13
text,raw,3,0.05,4.069877060352044,60
text,raw,5,sqrt,4.232379139344617,10
text,raw,5,0.05,4.125542748356327,39
text,log,1,sqrt,3.4812468635121374,60
text,log,1,0.05,3.4735267822171996,112
text,log,3,sqrt,3.5058934204596213,10
text,log,3,0.05,3.498893696362022,44
text,log,5,sqrt,3.527023131786396,7
text,log,5,0.05,3.5263679716056946,30
project,raw,1,sqrt,3.7917037896896724,48
project,raw,1,0.05,3.6509355988944363,85
project,raw,3,sqrt,3.9899845127300666,10
project,raw,3,0.05,3.7543778096157996,39
project,raw,5,sqrt,4.027672605627444,7
project,raw,5,0.05,3.7998270994078287,26
project,log,1,sqrt,3.3171224247156337,53
project,log,1,0.05,3.2571431152588772,90
project,log,3,sqrt,3.362917947581712,13
project,log,3,0.05,3.2825949513371286,40
project,log,5,sqrt,3.3986631146460797,6
project,log,5,0.05,3.315798422264143,24
