variant,target,objective,max_depth,min_child_weight,trees,val_MAE,secs
text,raw,reg:absoluteerror,4,5,426,3.5957014878247233,657
text,raw,reg:absoluteerror,6,5,302,3.598817180788195,499
text,log,reg:squarederror,4,5,427,3.544221252492956,667
text,log,reg:squarederror,6,5,426,3.5530911237355824,643
text,log,reg:absoluteerror,4,5,733,3.5109270812885183,803
text,log,reg:absoluteerror,6,5,484,3.514877894324225,528
project,raw,reg:absoluteerror,4,5,331,3.422378410030056,418
project,raw,reg:absoluteerror,6,5,244,3.417996266493926,313
project,log,reg:squarederror,4,5,363,3.3447744008141593,432
project,log,reg:squarederror,6,5,255,3.3485849317602208,312
project,log,reg:absoluteerror,4,5,725,3.3089102186770054,751
project,log,reg:absoluteerror,6,5,448,3.3218957638096165,494
